[{"@type":"mappingTemplate","id":"@1","name":"JP_Apply_Brd_Masking","description":"","bundleVersion":"0","templateId":"@3","deployTime":1603749752000,"hasParameters":false,"valid":true,"fixedConnection":true,"hasParametersDeployed":false,"fixedConnectionDeployed":true,"tasks":0,"mappingPreviewFileRecordId":"@2","documentType":"MAPPING","references":[{"@type":"reference","refObjectId":"@azCuOVSUmIgcYGSPfuuTEN","refType":"connection"},{"@type":"reference","refObjectId":"@9DzZxujqpKVlClY559RrW7","refType":"connection"}]}]